time,value
1508888746.0,1085.86675702
1508902748.0,1061.15416006
1508935056.0,1067.08496584
1508935652.0,1066.96588079
1508983039.0,1118.90267122
1509070186.0,1074.76188932
1509157748.0,1065.78014333
1509245254.0,1074.37723628
