time,value
1508888746.0,1071.14842242
1508902748.0,1028.82580915
1508935056.0,1047.81095002
1508935652.0,1063.38289381
1508983039.0,1129.45111587
1509070186.0,1096.10945205
1509157748.0,1085.65505969
1509245254.0,1085.97610413
